Fixture,Optics,Wattage,Unit,Circuit,Channel,Groups,Patch,DMX Mode,DMX Channels,Layer,Focus,Filters,Gobos,Accessories,Purpose,Note,Weight,Location,Position X,Position Y,Position Z,Rotation X,Rotation Y,Rotation Z,Focus Pan,Focus Tilt,Invert Pan,Pan Start Limit,Pan End Limit,Invert Tilt,Tilt Start Limit,Tilt End Limit,Identifier,External Identifier
Vari-Lite VL3000 Wash,14° - 60°,1600W,,,511,,12.32,16-Bit Enhanced,16,LX5-VLWASH,,,,,,,34kg,LX_4,"0,010m","8,290m","-8,935m",-180°,"0,0°",-180°,0°,0°,No,0°,0°,No,0°,0°,4e41174c-8d64-4b67-9abc-cc5373354b84,
Vari-Lite VL3500 Spot,10° - 56°,1600W,,,502,,12.48,16-Bit Enhanced,31,LX5-VLSPOT,,,,,,,41kg,LX_4,"3,327m","8,290m","-8,935m",-180°,"-0,0°",-180°,0°,0°,No,0°,0°,No,0°,0°,630a647c-0408-4535-9974-393d1a0d1a11,
Robe Robin T1 Profile,10° - 45°,650W,,,311,19,10.69,3 Five Colours 2.0,53,LX3-T1,,,,,,,"24,3kg",LX_2,"-2,713m","7,157m","-5,258m",0°,0°,0°,0°,0°,No,0°,0°,No,0°,0°,f986fe6a-da9e-43e5-befc-5601c7409910,
Robe Robin T1 Profile,10° - 45°,650W,,,313,19,10.175,3 Five Colours 2.0,53,LX3-T1,,,,,,,"24,3kg",LX_2,"2,687m","7,157m","-5,258m",0°,0°,0°,0°,0°,No,0°,0°,No,0°,0°,c318fa9f-4028-4ab3-9e46-3f335361756a,
Robe Robin T2 Profile,5° - 55°,1150W,,,411,20,11.69,3 Five Colours 1.9,56,LX4-T2,,,,,,,"36,9kg",LX_3,"-2,711m","7,160m","-6,778m",0°,0°,0°,0°,0°,No,0°,0°,No,0°,0°,5f927e3b-4abd-40c6-9a43-44f453bc1e32,
Robe Robin T2 Profile,5° - 55°,1150W,,,413,20,11.181,3 Five Colours 1.9,56,LX4-T2,,,,,,,"36,9kg",LX_3,"2,689m","7,160m","-6,778m",0°,0°,0°,0°,0°,No,0°,0°,No,0°,0°,5168d86c-8e35-409d-86ea-c8c171b335a8,
Robe Robin ParFect 150 RGBW,"5,7° - 60°",300W,1,,401,17,11.1,1 - Standard 16-Bit,17,LX4-PARFECT,,,,,,-3m,5kg,LX_3,"-3,3m","6,973m","-6,973m",0°,0°,0°,0°,0°,No,,,No,,,c0e03627-1164-465e-a88c-049733fc5760,
Robe Robin ParFect 150 RGBW,"5,7° - 60°",300W,2,,301,17,10.1,1 - Standard 16-Bit,17,LX3-PARFECT,,,,,,-3m,5kg,LX_2,"-3,313m","6,973m","-5,258m",0°,0°,0°,0°,0°,No,,,No,,,479a654c-8960-478d-a2e2-55794533da35,
Robe Robin ParFect 150 RGBW,"5,7° - 60°",300W,,,402,17,11.18,1 - Standard 16-Bit,17,LX4-PARFECT,,,,,,,5kg,LX_3,"-1,111m","6,973m","-6,778m",0°,0°,0°,0°,0°,No,,,No,,,80163bad-472e-4912-9cc6-1584e2751f7b,
Robe Robin ParFect 150 RGBW,"5,7° - 60°",300W,,,302,17,10.18,1 - Standard 16-Bit,17,LX3-PARFECT,,,,,,,5kg,LX_2,"-1,113m","6,973m","-5,258m",0°,0°,0°,0°,0°,No,,,No,,,bb09047e-2bd3-4f51-8aa1-5276d4fb5667,
Robe Robin ParFect 150 RGBW,"5,7° - 60°",300W,,,403,17,11.35,1 - Standard 16-Bit,17,LX4-PARFECT,,,,,,,5kg,LX_3,"1,008m","6,973m","-6,778m",0°,0°,0°,0°,0°,No,,,No,,,de945b14-85c1-4167-a9e5-f9063e6dd80b,
Robe Robin ParFect 150 RGBW,"5,7° - 60°",300W,,,303,17,10.35,1 - Standard 16-Bit,17,LX3-PARFECT,,,,,,,5kg,LX_2,"1,087m","6,973m","-5,258m",0°,0°,0°,0°,0°,No,,,No,,,34c86f6f-040e-4c01-b97a-4ad96b5298f6,
Robe Robin ParFect 150 RGBW,"5,7° - 60°",300W,,,404,17,11.52,1 - Standard 16-Bit,17,LX4-PARFECT,,,,,,+3m,5kg,LX_3,"3,289m","6,973m","-6,778m",0°,0°,0°,0°,0°,No,,,No,,,71ec7258-4d69-48cd-ac72-d6ff631b7e50,
Robe Robin ParFect 150 RGBW,"5,7° - 60°",300W,,,304,17,10.52,1 - Standard 16-Bit,17,LX3-PARFECT,,,,,,+3m,5kg,LX_2,"3,287m","6,973m","-5,258m",0°,0°,0°,0°,0°,No,,,No,,,be7b9155-a970-42b3-87ea-eda8c3d60e44,
Robe Robin T11 Profile,"4,8° - 51,9°",420W,702,,702,25,5.45,3 16-Bit RGBAL 1.5,22,LVB1_T11,,,,,,,"15,7kg",Tour de lumière,"-3,846m","6,658m","4,838m","50,4°","-52,3°","43,7°",63°,28°,No,,,No,,,f8c53f90-d8d2-4a63-8ddc-e7d91610f763,
Robe Robin T11 Profile,"4,8° - 51,9°",420W,,,802,25,5.67,3 16-Bit RGBAL 1.5,22,LVB2_T11,,,,,,,"15,7kg",Tour de lumière,"4,412m","6,907m","5,330m","59,2°","53,6°","-53,5°",-69°,30°,No,,,No,,,4db2074c-975a-4419-92f7-32fe1c6c76b5,
Robe Robin T11 Profile,"4,8° - 51,9°",420W,,,714,"1, 10",6.62,3 16-Bit RGBAL 1.5,22,LB1.1-T11,,,,,,,"15,7kg",Boom L_1,"-5,190m","0,353m","-2,268m","89,8°","0,8°","90,2°",-269°,90°,No,,,No,,,3748ac37-313b-4632-a475-ce5cec510b40,
Robe Robin T11 Profile,"4,8° - 51,9°",420W,,,713,"1, 11",6.40,3 16-Bit RGBAL 1.5,22,LB1.1-T11,,,,,,,"15,7kg",Boom L_1,"-5,122m","0,959m","-2,222m",90°,"0,0°","90,7°",-269°,90°,No,,,No,,,af50de53-40d6-436a-b720-475753df5f2e,
Robe Robin T11 Profile,"4,8° - 51,9°",420W,,,712,"1, 13",6.18,3 16-Bit RGBAL 1.5,22,LB1.1-T11,,,,,,,"15,7kg",Boom L_1,"-5,190m","1,592m","-2,268m","89,9°","-0,0°","90,3°",-269°,89°,No,,,No,,,767aca85-bd90-458a-b3ca-596573beb1a7,
Robe Robin T11 Profile,"4,8° - 51,9°",420W,,,814,"5, 9",7.62,3 16-Bit RGBAL 1.5,22,LB2.1-T11,,,,,,,"15,7kg",Boom R_1,"5,122m","0,353m","-2,229m","90,2°","-0,8°","-90,5°",-90°,90°,No,,,No,,,17f38fd5-0a03-4405-b4a0-43243b9fd92d,
Robe Robin T11 Profile,"4,8° - 51,9°",420W,,,813,"5, 12",7.40,3 16-Bit RGBAL 1.5,22,LB2.1-T11,,,,,,,"15,7kg",Boom R_1,"5,122m","1,030m","-2,229m","90,0°","-0,0°","-90,0°",-89°,90°,No,,,No,,,486df66f-eb1e-4d4c-a6ae-15af46af8534,
Robe Robin T11 Profile,"4,8° - 51,9°",420W,,,812,"5, 14",7.18,3 16-Bit RGBAL 1.5,22,LB2.1-T11,,,,,,,"15,7kg",Boom R_1,"5,122m","1,592m","-2,253m","90,1°","0,0°","-90,4°",-90°,89°,No,,,No,,,3bf8f0ee-6452-4aa1-ba14-62b0dde1ea89,
Robe Robin T11 Profile,"4,8° - 51,9°",420W,,,824,"6, 9",7.145,3 16-Bit RGBAL 1.5,22,LB2.2-T11,,,,,,,"15,7kg",Boom R_2,"5,121m","0,367m","-3,816m","90,2°","-0,8°","-90,5°",-90°,90°,No,,,No,,,0889386f-2ebb-4e00-ad7f-fd304fe86525,
Robe Robin T11 Profile,"4,8° - 51,9°",420W,,,823,"6, 12",7.123,3 16-Bit RGBAL 1.5,22,LB2.2-T11,,,,,,,"15,7kg",Boom R_2,"5,121m","1,044m","-3,815m","90,0°","-0,0°","-90,0°",-89°,90°,No,,,No,,,c39b4ca9-8479-4183-a9f1-4688104840e7,
Robe Robin T11 Profile,"4,8° - 51,9°",420W,,,822,"6, 14",7.101,3 16-Bit RGBAL 1.5,22,LB2.2-T11,,,,,,,"15,7kg",Boom R_2,"5,121m","1,606m","-3,816m","90,1°","0,0°","-90,4°",-90°,89°,No,,,No,,,3e4e08f4-7a94-47e7-9308-6900c83f8a94,
Robe Robin T11 Profile,"4,8° - 51,9°",420W,,,834,"7, 9",7.228,3 16-Bit RGBAL 1.5,22,LB2.3-T11,,,,,,,"15,7kg",Boom R_3,"5,099m","0,367m","-5,458m","90,2°","-0,8°","-90,5°",-90°,90°,No,,,No,,,77808621-9a84-49e7-a696-6794d8e48e7d,
Robe Robin T11 Profile,"4,8° - 51,9°",420W,,,833,"7, 12",7.206,3 16-Bit RGBAL 1.5,22,LB2.3-T11,,,,,,,"15,7kg",Boom R_3,"5,099m","1,043m","-5,457m","90,0°","-0,0°","-90,0°",-89°,90°,No,,,No,,,946a2941-b5f0-49d6-a285-4c94548fae8b,
Robe Robin T11 Profile,"4,8° - 51,9°",420W,,,832,"7, 14",7.184,3 16-Bit RGBAL 1.5,22,LB2.3-T11,,,,,,,"15,7kg",Boom R_3,"5,100m","1,606m","-5,458m","90,1°","0,0°","-90,4°",-90°,89°,No,,,No,,,a35d9aec-eaa8-4ac7-9160-6c4db6311a7b,
Robe Robin T11 Profile,"4,8° - 51,9°",420W,,,844,"8, 9",7.311,3 16-Bit RGBAL 1.5,22,LB2.4-T11,,,,,,,"15,7kg",Boom R_4,"5,145m","0,367m","-7,736m","90,2°","-0,8°","-90,5°",-90°,90°,No,,,No,,,74ea6460-3899-492a-9d4d-a0443e40bbf3,
Robe Robin T11 Profile,"4,8° - 51,9°",420W,,,843,"8, 12",7.289,3 16-Bit RGBAL 1.5,22,LB2.4-T11,,,,,,,"15,7kg",Boom R_4,"5,145m","1,043m","-7,735m","90,0°","-0,0°","-90,0°",-89°,90°,No,,,No,,,10f42a05-8be3-4005-ad8a-86c3fc1d30b5,
Robe Robin T11 Profile,"4,8° - 51,9°",420W,,,842,"8, 14",7.267,3 16-Bit RGBAL 1.5,22,LB2.4-T11,,,,,,,"15,7kg",Boom R_4,"5,146m","1,606m","-7,736m","90,1°","0,0°","-90,4°",-90°,89°,No,,,No,,,f0bfa165-3c8d-487e-a08e-c38e4ae69848,
Robe Robin T11 Profile,"4,8° - 51,9°",420W,,,724,"2, 10",6.145,3 16-Bit RGBAL 1.5,22,LB1.2-T11,,,,,,,"15,7kg",Boom L_2,"-5,147m","0,373m","-3,821m","89,8°","0,8°","89,5°",89°,90°,No,,,No,,,dd90cd08-e874-4836-a687-44fe328ff7c2,
Robe Robin T11 Profile,"4,8° - 51,9°",420W,,,723,"2, 11",6.123,3 16-Bit RGBAL 1.5,22,LB1.2-T11,,,,,,,"15,7kg",Boom L_2,"-5,147m","1,050m","-3,821m",90°,"0,0°","90,0°",-270°,90°,No,,,No,,,20e2a5ec-e4ee-41ca-936f-b61a7ceb4c81,
Robe Robin T11 Profile,"4,8° - 51,9°",420W,,,722,"2, 13",6.101,3 16-Bit RGBAL 1.5,22,LB1.2-T11,,,,,,,"15,7kg",Boom L_2,"-5,147m","1,612m","-3,821m","89,9°","-0,0°","89,6°",89°,89°,No,,,No,,,21e1e27a-4cb7-4cc3-91ff-581e0631e687,
Robe Robin T11 Profile,"4,8° - 51,9°",420W,,,734,"3, 10",6.228,3 16-Bit RGBAL 1.5,22,LB1.3-T11,,,,,,,"15,7kg",Boom L_3,"-5,158m","0,394m","-5,241m","89,8°","0,8°","89,5°",89°,90°,No,,,No,,,97798d86-6273-4473-b54e-ebbe170c1a48,
Robe Robin T11 Profile,"4,8° - 51,9°",420W,,,733,"3, 11",6.206,3 16-Bit RGBAL 1.5,22,LB1.3-T11,,,,,,,"15,7kg",Boom L_3,"-5,158m","1,071m","-5,242m",90°,"0,0°","90,0°",-270°,90°,No,,,No,,,11fc24fd-1701-4543-8f49-9ddff82142ce,
Robe Robin T11 Profile,"4,8° - 51,9°",420W,,,732,"3, 13",6.184,3 16-Bit RGBAL 1.5,22,LB1.3-T11,,,,,,,"15,7kg",Boom L_3,"-5,159m","1,633m","-5,242m","89,9°","-0,0°","89,6°",89°,89°,No,,,No,,,d07a2921-3692-41c9-9126-6beca5329ddd,
Robe Robin T11 Profile,"4,8° - 51,9°",420W,,,744,"4, 10",6.311,3 16-Bit RGBAL 1.5,22,LB1.4-T11,,,,,,,"15,7kg",Boom L_4,"-5,221m","0,296m","-6,388m","89,8°","0,8°","89,5°",89°,90°,No,,,No,,,33b6af75-0711-4c79-9d2f-a7c923e4266f,
Robe Robin T11 Profile,"4,8° - 51,9°",420W,,,743,"4, 11",6.289,3 16-Bit RGBAL 1.5,22,LB1.4-T11,,,,,,,"15,7kg",Boom L_4,"-5,221m","0,973m","-6,388m","90,0°","0,0°","90,0°",-270°,90°,No,,,No,,,0d853221-361f-4590-95d2-f5d9e83ec47f,
Robe Robin T11 Profile,"4,8° - 51,9°",420W,,,742,"4, 13",6.267,3 16-Bit RGBAL 1.5,22,LB1.4-T11,,,,,,,"15,7kg",Boom L_4,"-5,222m","1,535m","-6,388m","89,9°","-0,0°","89,6°",89°,89°,No,,,No,,,21fb9c96-a883-480a-adc4-b082132961f0,
Robe Robin T2 Profile,5° - 55°,1150W,,,212,20,9.125,3 Five Colours 1.9,56,LX2-T2,,,,,,,"36,9kg",LX_1,"0,018m","7,160m","-3,596m",0°,0°,0°,0°,0°,No,0°,0°,No,0°,0°,927e985a-fb2f-4b43-94e0-1b1555ed6f3c,
Robe Robin T2 Profile,5° - 55°,1150W,,,213,20,9.181,3 Five Colours 1.9,56,LX2-T2,,,,,,,"36,9kg",LX_1,"2,7m","7,160m","-3,600m",0°,0°,0°,0°,0°,No,0°,0°,No,0°,0°,4528f19d-9b75-4588-a169-c7669fb8a64a,
Robe Robin ParFect 150 RGBW,"5,7° - 60°",300W,,,101,17,8.1,1 - Standard 16-Bit,17,LX1-PARFECT,,,,,,-3m,5kg,Pont de face,"-3,295m","6,973m","-1,799m",0°,0°,0°,0°,0°,No,,,No,,,4eca08ec-203d-42c9-9edd-14095de02cc9,
Robe Robin ParFect 150 RGBW,"5,7° - 60°",300W,,,102,17,8.18,1 - Standard 16-Bit,17,LX1-PARFECT,,,,,,,5kg,Pont de face,"-1,1m","6,973m","-1,793m",0°,0°,0°,0°,0°,No,,,No,,,df768001-37a5-4f84-bdda-3952393f2b60,
Robe Robin ParFect 150 RGBW,"5,7° - 60°",300W,,,103,17,8.35,1 - Standard 16-Bit,17,LX1-PARFECT,,,,,,,5kg,Pont de face,"1,1m","6,973m","-1,811m",0°,0°,0°,0°,0°,No,,,No,,,be88d089-2512-4ae2-9425-35fe6dec26fe,
Robe Robin ParFect 150 RGBW,"5,7° - 60°",300W,,,104,17,8.52,1 - Standard 16-Bit,17,LX1-PARFECT,,,,,,+3m,5kg,Pont de face,"3,3m","6,973m","-1,784m",0°,0°,0°,0°,0°,No,,,No,,,c6a8b209-3e98-4be3-b9cd-b65e99778521,
Robe Robin T1 Profile,10° - 45°,650W,,,111,19,8.69,3 Five Colours 2.0,53,LX1-T1,,,,,,,"24,3kg",Pont de face,"-2,7m","7,157m","-1,771m",0°,0°,0°,0°,0°,No,0°,0°,No,0°,0°,aaa402c5-8add-49a7-b950-60bf2bff7977,
Robe Robin T1 Profile,10° - 45°,650W,,,113,19,8.175,3 Five Colours 2.0,53,LX1-T1,,,,,,,"24,3kg",Pont de face,"2,7m","7,132m","-1,772m",0°,0°,0°,0°,0°,No,0°,0°,No,0°,0°,8e884ffa-3f86-4901-af71-841f4b648340,
Robe Robin T2 Profile,5° - 55°,1150W,,,211,20,9.69,3 Five Colours 1.9,56,LX2-T2,,,,,,,"36,9kg",LX_1,"-2,7m","7,160m","-3,592m",0°,0°,0°,0°,0°,No,0°,0°,No,0°,0°,2bf6cb27-1bb4-4de7-91b0-331231840493,
Robe Robin T2 Profile,5° - 55°,1150W,,,412,20,11.125,3 Five Colours 1.9,56,LX4-T2,,,,,,,"36,9kg",LX_3,"0,008m","7,160m","-6,769m",0°,0°,0°,0°,0°,No,0°,0°,No,0°,0°,cc2e9deb-ca69-46b7-a3e6-c4b5261f43f0,
Robe Robin ParFect 150 RGBW,"5,7° - 60°",300W,,,201,17,9.1,1 - Standard 16-Bit,17,LX2-PARFECT,,,,,,-3m,5kg,LX_1,"-3,3m","6,948m","-3,602m",0°,0°,0°,0°,0°,No,,,No,,,63e69c8a-abbc-409e-b1dc-5874778d776b,
Robe Robin ParFect 150 RGBW,"5,7° - 60°",300W,,,202,17,9.18,1 - Standard 16-Bit,17,LX2-PARFECT,,,,,,,5kg,LX_1,"-1,1m","6,973m","-3,586m",0°,0°,0°,0°,0°,No,,,No,,,187ed89c-e4cb-4c45-b2b5-7df690b7d445,
Robe Robin ParFect 150 RGBW,"5,7° - 60°",300W,,,203,17,9.35,1 - Standard 16-Bit,17,LX2-PARFECT,,,,,,,5kg,LX_1,"1,1m","6,948m","-3,602m",0°,0°,0°,0°,0°,No,,,No,,,47bce42b-55fc-41f8-9483-751f5d829ae7,
Robe Robin ParFect 150 RGBW,"5,7° - 60°",300W,,,204,17,9.52,1 - Standard 16-Bit,17,LX2-PARFECT,,,,,,,5kg,LX_1,"3,3m","6,948m","-3,602m",0°,0°,0°,0°,0°,No,,,No,,,156bd203-b3ae-44ee-b490-47ed1ad0597b,
Robe Robin T1 Profile,10° - 45°,650W,,,312,19,10.122,3 Five Colours 2.0,53,LX3-T1,,,,,,,"24,3kg",LX_2,"0,005m","7,157m","-5,258m",0°,0°,0°,0°,0°,No,0°,0°,No,0°,0°,fb4ae4e3-1daf-4fbc-92f3-82a1bf6d9d83,
Robe Robin T1 Profile,10° - 45°,650W,,,112,19,8.122,3 Five Colours 2.0,53,LX1-T1,,,,,,,"24,3kg",Pont de face,0m,"7,132m","-1,772m",0°,0°,0°,0°,0°,No,0°,0°,No,0°,0°,e05c1a51-db8e-4287-977b-e1715a94c338,
Robe Robin T1 Profile,10° - 45°,650W,,,704,23,5.227,3 Five Colours 2.0,53,LRang1-T1,,,,,,,"24,3kg",Premier étage,"-5,343m","1,938m","4,349m",-180°,"-27,4°",-180°,0°,0°,No,0°,0°,No,0°,0°,bd7d42ba-9427-4e8d-bc72-71734a11d7a1,
Robe Robin T1 Profile,10° - 45°,650W,,,804,23,5.280,3 Five Colours 2.0,53,LRang2-T1,,,,,,,"24,3kg",Premier étage,"5,404m","1,936m","4,318m",-180°,"26,7°",-180°,0°,0°,No,0°,0°,No,0°,0°,0e6d12c9-3bda-45bd-a96c-757d4c8b07dd,
Robe Robin ParFect 150 RGBW,"5,7° - 60°",300W,,,711,15,6.1,1 - Standard 16-Bit,17,LB1.1-PARFECT,,,,,,-3m,5kg,Boom L_1,"-4,859m","2,437m","-0,220m","93,3°","25,2°","82,2°",82°,115°,No,,,No,,,18dc0dc9-4af7-4c7e-8492-cd8044b3db04,
Robe Robin ParFect 150 RGBW,"5,7° - 60°",300W,,,721,15,6.84,1 - Standard 16-Bit,17,LB1.2-PARFECT,,,,,,-3m,5kg,Boom L_2,"-5,029m","2,498m","-1,286m","94,4°","24,2°","79,4°",80°,114°,No,,,No,,,b4c9f48d-4793-413a-baf3-6b1dc2fec57d,
Robe Robin ParFect 150 RGBW,"5,7° - 60°",300W,,,731,15,6.167,1 - Standard 16-Bit,17,LB1.3-PARFECT,,,,,,-3m,5kg,Boom L_3,"-5,101m","2,498m","-2,911m","94,3°","24,9°","79,9°",80°,115°,No,,,No,,,80f2f76f-3200-46cd-a502-fa31512f2ff5,
Robe Robin ParFect 150 RGBW,"5,7° - 60°",300W,,,741,15,6.250,1 - Standard 16-Bit,17,LB1.4-PARFECT,,,,,,-3m,5kg,Boom L_4,"-5,132m","2,495m","-4,449m","94,7°","25,3°","79,2°",80°,115°,No,,,No,,,5bdb21da-186e-4b9d-b25e-876bd7ccee54,
Robe Robin ParFect 150 RGBW,"5,7° - 60°",300W,,,811,16,7.1,1 - Standard 16-Bit,17,LB2.1-PARFECT,,,,,,-3m,5kg,Boom R_1,"5,010m","2,916m","-0,220m","92,5°","-22,6°","-83,6°",-84°,112°,No,,,No,,,15d8fac2-3350-4b36-a35c-eefe1135fc55,
Robe Robin ParFect 150 RGBW,"5,7° - 60°",300W,,,821,16,7.84,1 - Standard 16-Bit,17,LB2.2-PARFECT,,,,,,-3m,5kg,Boom R_2,"5,010m","2,934m","-1,307m","93,5°","-22,4°","-80,9°",-81°,112°,No,,,No,,,d083d247-6e55-487c-98f8-8a32093499ad,
Robe Robin ParFect 150 RGBW,"5,7° - 60°",300W,,,831,16,7.167,1 - Standard 16-Bit,17,LB2.3-PARFECT,,,,,,-3m,5kg,Boom R_3,"5,010m","2,942m","-2,810m","94,0°","-22,2°","-79,5°",-80°,112°,No,,,No,,,caad0572-6ea9-4cf5-88fc-d6e142097bdc,
Robe Robin ParFect 150 RGBW,"5,7° - 60°",300W,,,841,16,7.250,1 - Standard 16-Bit,17,LB2.4-PARFECT,,,,,,-3m,5kg,Boom R_4,"4,936m","2,916m","-4,433m","94,8°","-22,7°","-77,7°",-78°,113°,No,,,No,,,c1bef95b-6e70-4bab-8a7b-0c23a25c9228,
Vari-Lite VL3500 Spot,10° - 56°,1600W,,,501,,12.1,16-Bit Enhanced,31,LX5-VLSPOT,,,,,,,41kg,LX_4,"-3,286m","8,290m","-8,935m",-180°,"-0,0°",-180°,0°,0°,No,0°,0°,No,0°,0°,5200bc56-556b-490f-a64c-89d07b7abf82,
Robe Robin T11 Profile,"4,8° - 51,9°",420W,,,701,24,5.1,3 16-Bit RGBAL 1.5,22,LVB1_T11,,,,,,,"15,7kg",Balcon,"-9,988m","6,612m","2,291m","67,1°","-48,2°","60,5°",70°,37°,No,,,No,,,f483d6b4-2ede-4b4a-8791-5ae12267a6b7,
Robe Robin T11 Profile,"4,8° - 51,9°",420W,,,801,24,5.23,3 16-Bit RGBAL 1.5,22,LVB2_T11,,,,,,,"15,7kg",Balcon,"10,522m","6,617m","2,934m","68,6°","48,1°","-61,1°",-70°,38°,No,,,No,,,e60d5f28-0364-45f1-b56b-af72fea89415,
Generic Par 64,CP62,1000W,,,781,,4.1,Control,1,L_Houselight-Dimmer,,,,,,,"1,8kg",,"-8,292m","4,076m","2,674m","90,0°","-0,0°","90,0°",-270°,90°,No,,,No,,,4580f893-3f06-4326-90c9-fe355fe87f87,
Generic Par 64,CP62,1000W,,,782,,4.2,Control,1,L_Houselight-Dimmer,,,,,,,"1,8kg",,"-8,292m","4,076m","3,054m","90,0°","-0,0°","90,0°",-270°,90°,No,,,No,,,1b0e9849-dfe6-449d-b61a-ad01df2650b5,
Generic Par 64,CP62,1000W,,,783,,4.3,Control,1,L_Houselight-Dimmer,,,,,,,"1,8kg",,"-8,292m","4,076m","3,434m","90,0°","-0,0°","90,0°",-270°,90°,No,,,No,,,26875264-7043-4782-9520-592d31beab61,
Generic Par 64,CP62,1000W,,,784,,4.4,Control,1,L_Houselight-Dimmer,,,,,,,"1,8kg",,"-8,292m","4,076m","3,814m","90,0°","-0,0°","90,0°",-270°,90°,No,,,No,,,a47387aa-aca8-472b-95fe-ca866993e02d,
Generic Par 64,CP62,1000W,,,785,,4.5,Control,1,L_Houselight-Dimmer,,,,,,,"1,8kg",,"-8,292m","4,076m","4,194m","90,0°","-0,0°","90,0°",-270°,90°,No,,,No,,,142022a9-d344-433a-866f-c2a89abb7239,
Generic Par 64,CP62,1000W,,,786,,4.6,Control,1,L_Houselight-Dimmer,,,,,,,"1,8kg",,"-8,292m","4,076m","4,574m","90,0°","-0,0°","90,0°",-270°,90°,No,,,No,,,cf499d72-9702-4601-9b7f-d90629cd6def,
Generic Par 64,CP62,1000W,,,787,,4.7,Control,1,L_Houselight-Dimmer,,,,,,,"1,8kg",,"-8,292m","4,076m","4,954m","90,0°","-0,0°","90,0°",-270°,90°,No,,,No,,,967bb919-af44-497b-a50b-4b597ff8238f,
Generic Par 64,CP62,1000W,,,788,,4.8,Control,1,L_Houselight-Dimmer,,,,,,,"1,8kg",,"-8,292m","4,076m","5,334m","90,0°","-0,0°","90,0°",-270°,90°,No,,,No,,,c9fa1675-0f26-4c47-bd4a-8977b3db3eb9,
Generic Par 64,CP62,1000W,,,791,,4.9,Control,1,L_Houselight-Dimmer,,,,,,,"1,8kg",,"-7,314m","4,663m","2,674m","90,0°","-0,0°","90,0°",-270°,90°,No,,,No,,,63bde354-ff55-449e-8e06-2e4e2fbb752e,
Generic Par 64,CP62,1000W,,,792,,4.10,Control,1,L_Houselight-Dimmer,,,,,,,"1,8kg",,"-7,314m","4,663m","3,054m","90,0°","-0,0°","90,0°",-270°,90°,No,,,No,,,be4650fa-6342-4ed7-adda-78220d8f6b73,
Generic Par 64,CP62,1000W,,,793,,4.11,Control,1,L_Houselight-Dimmer,,,,,,,"1,8kg",,"-7,314m","4,663m","3,434m","90,0°","-0,0°","90,0°",-270°,90°,No,,,No,,,7cace4dc-0bc3-4861-ac69-cd59a25f5a10,
Generic Par 64,CP62,1000W,,,794,,4.12,Control,1,L_Houselight-Dimmer,,,,,,,"1,8kg",,"-7,314m","4,663m","3,814m","90,0°","-0,0°","90,0°",-270°,90°,No,,,No,,,3dd8efa7-1656-4867-9979-04795a49acd1,
Generic Par 64,CP62,1000W,,,795,,4.13,Control,1,L_Houselight-Dimmer,,,,,,,"1,8kg",,"-7,314m","4,663m","4,194m","90,0°","-0,0°","90,0°",-270°,90°,No,,,No,,,42a73a13-a338-47a8-bfe8-d9dfb0fd5134,
Generic Par 64,CP62,1000W,,,796,,4.14,Control,1,L_Houselight-Dimmer,,,,,,,"1,8kg",,"-7,314m","4,663m","4,574m","90,0°","-0,0°","90,0°",-270°,90°,No,,,No,,,cfe6c63f-23fa-4cc3-84b3-83c9ccf4ff76,
Generic Par 64,CP62,1000W,,,797,,4.15,Control,1,L_Houselight-Dimmer,,,,,,,"1,8kg",,"-7,314m","4,663m","4,954m","90,0°","-0,0°","90,0°",-270°,90°,No,,,No,,,2c7b0e54-0aab-42b2-8e2e-c88f94e0afc6,
Generic Par 64,CP62,1000W,,,798,,4.16,Control,1,L_Houselight-Dimmer,,,,,,,"1,8kg",,"-7,314m","4,663m","5,334m","90,0°","-0,0°","90,0°",-270°,90°,No,,,No,,,2e818940-22e7-4f3d-beb8-a050c3263978,
Generic Par 64,CP62,1000W,,,881,,4.17,Control,1,L_Houselight-Dimmer,,,,,,,"1,8kg",,"8,332m","4,076m","2,720m","-90,0°","-0,0°","-90,0°",-90°,89°,No,,,No,,,458645ec-b6cf-4c99-bf4f-8912a3c537e0,
Generic Par 64,CP62,1000W,,,882,,4.18,Control,1,L_Houselight-Dimmer,,,,,,,"1,8kg",,"8,332m","4,076m","3,100m","-90,0°","-0,0°","-90,0°",-90°,89°,No,,,No,,,f8989d26-2652-4159-9631-f135a742fd20,
Generic Par 64,CP62,1000W,,,883,,4.19,Control,1,L_Houselight-Dimmer,,,,,,,"1,8kg",,"8,332m","4,076m","3,480m","-90,0°","-0,0°","-90,0°",-90°,89°,No,,,No,,,72bd791f-c288-4889-bcf8-52169a5dfad7,
Generic Par 64,CP62,1000W,,,884,,4.20,Control,1,L_Houselight-Dimmer,,,,,,,"1,8kg",,"8,332m","4,076m","3,860m","-90,0°","-0,0°","-90,0°",-90°,89°,No,,,No,,,ea2ec403-f283-491b-9a35-d7591389a3fb,
Generic Par 64,CP62,1000W,,,885,,4.21,Control,1,L_Houselight-Dimmer,,,,,,,"1,8kg",,"8,332m","4,076m","4,240m","-90,0°","-0,0°","-90,0°",-90°,89°,No,,,No,,,b180af79-d7ca-46ba-bb97-0951611ae844,
Generic Par 64,CP62,1000W,,,886,,4.22,Control,1,L_Houselight-Dimmer,,,,,,,"1,8kg",,"8,332m","4,076m","4,620m","-90,0°","-0,0°","-90,0°",-90°,89°,No,,,No,,,963b4877-3422-48bb-a7a9-5ed5819c883d,
Generic Par 64,CP62,1000W,,,887,,4.23,Control,1,L_Houselight-Dimmer,,,,,,,"1,8kg",,"8,332m","4,076m","5,000m","-90,0°","-0,0°","-90,0°",-90°,89°,No,,,No,,,5e815808-f7e6-4116-8daf-e7019b5b9b44,
Generic Par 64,CP62,1000W,,,888,,4.24,Control,1,L_Houselight-Dimmer,,,,,,,"1,8kg",,"8,332m","4,076m","5,380m","-90,0°","-0,0°","-90,0°",-90°,89°,No,,,No,,,b20b7bce-b6f4-4a06-9cb1-394008449b53,
Generic Par 64,CP62,1000W,,,891,,4.25,Control,1,L_Houselight-Dimmer,,,,,,,"1,8kg",,"7,460m","4,663m","2,720m","-90,0°","0,0°","-90,0°",-90°,89°,No,,,No,,,f2ea0095-e9ee-44f7-bf89-74bf622c40c0,
Generic Par 64,CP62,1000W,,,892,,4.26,Control,1,L_Houselight-Dimmer,,,,,,,"1,8kg",,"7,460m","4,663m","3,100m","-90,0°","0,0°","-90,0°",-90°,89°,No,,,No,,,7b1bba10-6b1b-42ba-b639-f2c2e27395ab,
Generic Par 64,CP62,1000W,,,893,,4.27,Control,1,L_Houselight-Dimmer,,,,,,,"1,8kg",,"7,460m","4,663m","3,480m","-90,0°","0,0°","-90,0°",-90°,89°,No,,,No,,,68536901-6a18-4e47-b733-300e185f4807,
Generic Par 64,CP62,1000W,,,894,,4.28,Control,1,L_Houselight-Dimmer,,,,,,,"1,8kg",,"7,460m","4,663m","3,860m","-90,0°","0,0°","-90,0°",-90°,89°,No,,,No,,,deb14b54-e034-46fc-89ec-3bd01c6d21df,
Generic Par 64,CP62,1000W,,,895,,4.29,Control,1,L_Houselight-Dimmer,,,,,,,"1,8kg",,"7,460m","4,663m","4,240m","-90,0°","0,0°","-90,0°",-90°,89°,No,,,No,,,9b34edf1-d595-40a7-8e21-967bef6971bf,
Generic Par 64,CP62,1000W,,,896,,4.30,Control,1,L_Houselight-Dimmer,,,,,,,"1,8kg",,"7,460m","4,663m","4,620m","-90,0°","0,0°","-90,0°",-90°,89°,No,,,No,,,e4646db0-5c7f-44b2-9ff2-dc54574ec1f0,
Generic Par 64,CP62,1000W,,,897,,4.31,Control,1,L_Houselight-Dimmer,,,,,,,"1,8kg",,"7,460m","4,663m","5,000m","-90,0°","0,0°","-90,0°",-90°,89°,No,,,No,,,b7021c64-b420-4e1c-932c-87112054fd70,
Generic Par 64,CP62,1000W,,,898,,4.32,Control,1,L_Houselight-Dimmer,,,,,,,"1,8kg",,"7,460m","4,663m","5,380m","-90,0°","0,0°","-90,0°",-90°,89°,No,,,No,,,53fa4afc-920d-4a8a-864f-da639044b5b3,
MDG ATMe,,715W,,,0,,,Standard Mode,3,ALL HAZE,,,,,,,"16,8kg",,"6,679m","0,499m","-9,795m",0°,0°,0°,0°,0°,No,,,No,,,b82f9f38-dc80-4353-a054-32d4398712d0,
Robe Robin Spiider,5° - 47°,660W,,,322,18,10.275,6 Pattern [Colour Mixing Mode=RGBW],47,LX3-SPIIDER,,,,,,,"13,3kg",LX_2,"-0,679m","7,137m","-5,256m",0°,0°,0°,0°,0°,No,0°,0°,No,0°,0°,665651e7-258f-4e9b-81fc-ee16f4576f3d,
Robe Robin Spiider,5° - 47°,660W,,,323,18,10.322,6 Pattern [Colour Mixing Mode=RGBW],47,LX3-SPIIDER,,,,,,,"13,3kg",LX_2,"0,654m","7,137m","-5,256m",0°,0°,0°,0°,0°,No,0°,0°,No,0°,0°,0b144ac8-6ff0-46d3-83a9-e2739dfe85b7,
Robe Robin Spiider,5° - 47°,660W,,,121,18,8.228,6 Pattern [Colour Mixing Mode=RGBW],47,LX1-SPIIDER,,,,,,,"13,3kg",Pont de face,-2m,"7,162m","-1,768m",0°,0°,0°,0°,0°,No,0°,0°,No,0°,0°,a81da88f-0a82-4747-8354-a62b0cadc690,
Robe Robin Spiider,5° - 47°,660W,,,124,18,8.369,6 Pattern [Colour Mixing Mode=RGBW],47,LX1-SPIIDER,,,,,,,"13,3kg",Pont de face,2m,"7,162m","-1,784m",0°,0°,0°,0°,0°,No,0°,0°,No,0°,0°,222e1f6c-2e26-4039-b4b2-93c57e32c644,
Robe Robin Spiider,5° - 47°,660W,,,122,18,8.275,6 Pattern [Colour Mixing Mode=RGBW],47,LX1-SPIIDER,,,,,,,"13,3kg",Pont de face,"-0,667m","7,137m","-1,772m",0°,0°,0°,0°,0°,No,0°,0°,No,0°,0°,a193c9d5-ee02-4084-8cd5-a75361438817,
Robe Robin Spiider,5° - 47°,660W,,,123,18,8.322,6 Pattern [Colour Mixing Mode=RGBW],47,LX1-SPIIDER,,,,,,,"13,3kg",Pont de face,"0,667m","7,137m","-1,772m",0°,0°,0°,0°,0°,No,0°,0°,No,0°,0°,23b7a402-09be-46f2-bad9-5be2c7697122,
Robe Robin Spiider,5° - 47°,660W,,,321,18,10.228,6 Pattern [Colour Mixing Mode=RGBW],47,LX3-SPIIDER,,,,,,,"13,3kg",LX_2,"-2,013m","7,162m","-5,258m",0°,0°,0°,0°,0°,No,0°,0°,No,0°,0°,49358b08-6c79-4c61-9b89-9f0924705271,
Robe Robin Spiider,5° - 47°,660W,,,324,18,10.369,6 Pattern [Colour Mixing Mode=RGBW],47,LX3-SPIIDER,,,,,,,"13,3kg",LX_2,"1,987m","7,162m","-5,258m",0°,0°,0°,0°,0°,No,0°,0°,No,0°,0°,9ea86507-34fc-482c-84d8-91e5fc656b71,
Robe Robin Spiider,5° - 47°,660W,,,703,22,5.133,6 Pattern [Colour Mixing Mode=RGBW],47,LVB1-SPIIDER,,,,,,,"13,3kg",Loge inférieure,"-5,516m","0,771m","2,480m","-180,0°",0°,0°,-180°,179°,No,0°,0°,No,0°,0°,4115938c-8828-4870-812d-c10d0b0b86c0,
Robe Robin Spiider,5° - 47°,660W,,,803,22,5.180,6 Pattern [Colour Mixing Mode=RGBW],47,LVB2-SPIIDER,,,,,,,"13,3kg",Loge inférieure,"5,516m","0,772m","2,468m","-180,0°",0°,0°,-180°,179°,No,0°,0°,No,0°,0°,84553ed5-ff75-427a-a390-3b8c92faf985,
Robe Robin T11 Profile,"4,8° - 51,9°",420W,,,710,21,5.89,3 16-Bit RGBAL 1.5,22,LVB1_T11,,,,,,,"15,7kg",Pont de lumière,"-3,816m","4,967m","14,540m","74,9°","-2,6°","9,6°",9°,74°,No,,,No,,,39c3daee-2b85-4dd2-857d-867ec20e5694,
Robe Robin T11 Profile,"4,8° - 51,9°",420W,,,810,21,5.111,3 16-Bit RGBAL 1.5,22,LVB1_T11,,,,,,,"15,7kg",Pont de lumière,"4,412m","4,967m","14,699m","74,7°","2,8°","-10,0°",-10°,74°,No,,,No,,,fcb20af4-20ec-4c3f-a780-3fcae5508f3b,
Panasonic PT-RQ13K,ET-D75LE6,1270W,,,999,,16.1,Control,1,LX6-PROJECTOR,,,,,,,49kg,LX_5,"0,066m","4,046m","-22,136m","88,9°","0,6°","-179,9°",-179°,91°,No,,,No,,,916de3d1-0132-434f-8a40-2ea4b014aaae,
Generic Omnidirectional Bulb,,0W,,,901,26,4.33,Dimmer,1,MOTION_SCENE 1,,,,,,,0kg,Fourneau,"-3,040m","1,141m","-7,462m",0°,0°,0°,0°,0°,,,,,,,57bc7743-afae-4aa4-a0d1-daeebc15abc8,
Generic Omnidirectional Bulb,,0W,,,902,26,4.34,Dimmer,1,MOTION_SCENE 1,,,,,,,0kg,Fourneau,"-2,725m","1,238m","-7,570m",0°,0°,0°,0°,0°,,,,,,,8c062e9a-6a28-4b05-a61e-0cb63940af20,
Generic Omnidirectional Bulb,,0W,,,903,26,4.35,Dimmer,1,MOTION_SCENE 1,,,,,,,0kg,Fourneau,"-2,786m","1,238m","-7,923m",0°,0°,0°,0°,0°,,,,,,,5001cf30-f5e9-4bdf-95eb-c0c1ee7192bb,
Generic Omnidirectional Bulb,,0W,,,904,26,4.36,Dimmer,1,MOTION_SCENE 1,,,,,L106,,0kg,Fourneau,"-2,914m","1,238m","-7,726m",0°,0°,0°,0°,0°,,,,,,,e3d7e659-212b-4538-bf9d-6bd0ef657a97,
Generic Omnidirectional Bulb,,0W,,,905,26,4.37,Dimmer,1,MOTION_SCENE 1,,,,,L106,,0kg,Fourneau,"-2,532m","1,198m","-7,732m",0°,0°,0°,0°,0°,,,,,,,6c511a2e-d4f9-43a7-92e0-b72eabb5811f,
Vari-Lite VL3500Q Spot,10° - 56°,1600W,,,601,,13.1,16-Bit Enhanced,31,,,,,,,,43kg,LX_5,"-4,295m","4,230m","-22,173m",-180°,"0,0°",-180°,0°,0°,No,0°,0°,No,0°,0°,bdd7fc09-f660-4632-a2d9-528bfa039376,
Vari-Lite VL3500Q Spot,10° - 56°,1600W,,,602,,13.32,16-Bit Enhanced,31,,,,,,,,43kg,LX_5,"-1,675m","4,230m","-22,173m",-180°,"0,0°",-180°,0°,0°,No,0°,0°,No,0°,0°,6fe05ff7-032d-457c-94a2-bc8ab061e6d8,
Vari-Lite VL3500Q Spot,10° - 56°,1600W,,,603,,13.63,16-Bit Enhanced,31,,,,,,,,43kg,LX_5,"1,582m","4,230m","-22,133m",-180°,"-0,0°",-180°,0°,0°,No,0°,0°,No,0°,0°,b2ffe41b-0986-44ee-a9b4-f3868810132e,
Vari-Lite VL3500Q Spot,10° - 56°,1600W,,,604,,13.94,16-Bit Enhanced,31,,,,,,,,43kg,LX_5,"3,907m","4,230m","-22,133m",-180°,"-0,0°",-180°,0°,0°,No,0°,0°,No,0°,0°,4cb4ec97-cdd6-4168-8531-511eb2d95c65,
Vari-Lite VL3000 Wash,14° - 60°,1600W,,,611,,13.125,16-Bit Enhanced,16,,,,,,,,34kg,LX_5,"-2,963m","4,218m","-22,169m",-180°,"0,0°",-180°,0°,0°,No,0°,0°,No,0°,0°,ed404aae-ee24-42c5-a8aa-16428c6b1d9c,
Vari-Lite VL3000 Wash,14° - 60°,1600W,,,612,,13.141,16-Bit Enhanced,16,,,,,,,,34kg,LX_5,"2,745m","4,218m","-22,133m",-180°,"-0,0°",-180°,0°,0°,No,0°,0°,No,0°,0°,2f5fcdf8-6060-4e7e-bc07-9f1ad2517f2f,
